{"IcoMoonType":"selection","icons":[{"icon":{"paths":["M292.571 658.286c0-14.286-4.571-28-11.429-39.429-7.429-11.429-37.714-50.286-49.714-88.571-1.714-6.286-7.429-9.143-12-9.143s-10.286 2.857-12 9.143c-12 38.286-42.286 77.143-49.714 88.571-6.857 11.429-11.429 25.143-11.429 39.429 0 40.571 32.571 73.143 73.143 73.143s73.143-32.571 73.143-73.143zM585.143 585.143c0 161.714-130.857 292.571-292.571 292.571s-292.571-130.857-292.571-292.571c0-57.714 17.714-111.429 46.286-157.143 29.143-45.714 151.429-200.571 197.714-354.857 7.429-24.571 30.286-36.571 48.571-36.571s41.714 12 48.571 36.571c46.286 154.286 168.571 309.143 197.714 354.857s46.286 99.429 46.286 157.143z"],"width":585.1428571428571,"attrs":[],"isMulticolor":false,"isMulticolor2":false,"tags":["tint"],"defaultCode":61507,"grid":14},"attrs":[],"properties":{"name":"tint","id":67,"order":4,"prevSize":28,"code":61507},"setIdx":0,"setId":2,"iconIdx":67},{"icon":{"paths":["M694.857 548.571v-73.143c0-20-16.571-36.571-36.571-36.571h-146.286v-146.286c0-20-16.571-36.571-36.571-36.571h-73.143c-20 0-36.571 16.571-36.571 36.571v146.286h-146.286c-20 0-36.571 16.571-36.571 36.571v73.143c0 20 16.571 36.571 36.571 36.571h146.286v146.286c0 20 16.571 36.571 36.571 36.571h73.143c20 0 36.571-16.571 36.571-36.571v-146.286h146.286c20 0 36.571-16.571 36.571-36.571zM877.714 512c0 242.286-196.571 438.857-438.857 438.857s-438.857-196.571-438.857-438.857 196.571-438.857 438.857-438.857 438.857 196.571 438.857 438.857z"],"width":877.7142857142857,"attrs":[],"isMulticolor":false,"isMulticolor2":false,"tags":["plus-circle"],"defaultCode":61525,"grid":14},"attrs":[],"properties":{"name":"plus-circle","id":84,"order":6,"prevSize":28,"code":61525},"setIdx":0,"setId":2,"iconIdx":84},{"icon":{"paths":["M1024 512c0 202.286-229.143 365.714-512 365.714-28 0-56-1.714-82.857-4.571-74.857 66.286-164 113.143-262.857 138.286-20.571 5.714-42.857 9.714-65.143 12.571-12.571 1.143-24.571-8-27.429-21.714v-0.571c-2.857-14.286 6.857-22.857 15.429-33.143 36-40.571 77.143-74.857 104-170.286-117.714-66.857-193.143-170.286-193.143-286.286 0-201.714 229.143-365.714 512-365.714s512 163.429 512 365.714z"],"width":1024,"attrs":[],"isMulticolor":false,"isMulticolor2":false,"tags":["comment"],"defaultCode":61557,"grid":14},"attrs":[],"properties":{"name":"comment","id":111,"order":5,"prevSize":28,"code":61557},"setIdx":0,"setId":2,"iconIdx":111}],"height":1024,"metadata":{"name":"icomoon"},"preferences":{"showGlyphs":true,"showQuickUse":true,"showQuickUse2":true,"showSVGs":true,"fontPref":{"prefix":"icon-","metadata":{"fontFamily":"icomoon"},"metrics":{"emSize":1024,"baseline":6.25,"whitespace":50},"embed":false},"imagePref":{"prefix":"icon-","png":true,"useClassSelector":true,"color":0,"bgColor":16777215,"classSelector":".icon"},"historySize":50,"showCodes":true,"gridSize":16}}